{
  "Author": "doggjoe9",
  "Name": "Max Melee Ring",
  "InternalName": "MaxMeleeRing",
  "AssemblyVersion": "0.0.0.1",
  "Description": "While you on a tank or melee class (or Summoner and Red Mage) this plugin will draw a ring around you and your target. The ring around your target indicates the max melee distance, and the ring around you indicates your hitbox. When these two rings overlap, you are in max melee. The rings will switch to configurable colors depending on if you are within max melee range or not.",
  "ApplicableVersion": "any",
  "RepoUrl": "https://github.com/doggjoe9/MaxMeleeRange",
  "Tags": [
    "Utility"
  ],
  "DalamudApiLevel": 7,
  "LoadPriority": 0,
  "ImageUrls": [],
  "IconUrl": "",
  "Punchline": "Draws the max melee range."
}